name,score,department,level
Chizaram,85, Computer Science ,300
David,72,Software Engineering,200
Sarah,68,Computer Science,300
Michael,91,Information Technology,400
Blessing,77,Software Engineering,200
Daniel,54,Computer Science,100
Esther,88,Information Technology,400
John,63,Computer Science,200
Grace,95,Software Engineering,400
Samuel,49,Information Technology,100
Mary,73,Computer Science,300
Peter,81,Information Technology,200
Ruth,66,Software Engineering,300
James,58,Computer Science,100
Joy,90,Information Technology,400
Anthony,71,Software Engineering,300
Peace,45,Computer Science,100
Victor,84,Information Technology,300
Faith,79,Software Engineering,200
Emeka,61,Computer Science,200